<?xml version="1.0" encoding="UTF-8" standalone="yes"?>
<mendiak>
    <Mendia>
        <Altuera>1548.0</Altuera>
        <Izena>Aketegi</Izena>
        <Probintzia>Gipuzkoa</Probintzia>
    </Mendia>
    <Mendia>
        <Altuera>868.0</Altuera>
        <Izena>Albertia</Izena>
        <Probintzia>Araba</Probintzia>
    </Mendia>
    <Mendia>
        <Altuera>1034.0</Altuera>
        <Izena>Alluitz</Izena>
        <Probintzia>Bizkaia</Probintzia>
    </Mendia>
    <Mendia>
        <Altuera>1331.0</Altuera>
        <Izena>Anboto</Izena>
        <Probintzia>Bizkaia</Probintzia>
    </Mendia>
    <Mendia>
        <Altuera>1443.0</Altuera>
        <Izena>Aratz</Izena>
        <Probintzia>Araba</Probintzia>
    </Mendia>
    <Mendia>
        <Altuera>556.0</Altuera>
        <Izena>Arrate</Izena>
        <Probintzia>Gipuzkoa</Probintzia>
    </Mendia>
    <Mendia>
        <Altuera>1075.0</Altuera>
        <Izena>Hernio</Izena>
        <Probintzia>Gipuzkoa</Probintzia>
    </Mendia>
    <Mendia>
        <Altuera>1062.0</Altuera>
        <Izena>Ipizte</Izena>
        <Probintzia>Araba</Probintzia>
    </Mendia>
    <Mendia>
        <Altuera>896.0</Altuera>
        <Izena>Jarindo</Izena>
        <Probintzia>Araba</Probintzia>
    </Mendia>
    <Mendia>
        <Altuera>1177.0</Altuera>
        <Izena>Kapildui</Izena>
        <Probintzia>Araba</Probintzia>
    </Mendia>
    <Mendia>
        <Altuera>749.0</Altuera>
        <Izena>Karakate</Izena>
        <Probintzia>Gipuzkoa</Probintzia>
    </Mendia>
    <Mendia>
        <Altuera>1133.0</Altuera>
        <Izena>Kurtzebarri</Izena>
        <Probintzia>Gipuzkoa</Probintzia>
    </Mendia>
    <Mendia>
        <Altuera>1785.0</Altuera>
        <Izena>Lapazarra</Izena>
        <Probintzia>Nafarroa</Probintzia>
    </Mendia>
    <Mendia>
        <Altuera>1166.0</Altuera>
        <Izena>Mirutegi</Izena>
        <Probintzia>Araba</Probintzia>
    </Mendia>
    <Mendia>
        <Altuera>964.0</Altuera>
        <Izena>Mugarra</Izena>
        <Probintzia>Bizkaia</Probintzia>
    </Mendia>
    <Mendia>
        <Altuera>1029.0</Altuera>
        <Izena>Oiz</Izena>
        <Probintzia>Bizkaia</Probintzia>
    </Mendia>
    <Mendia>
        <Altuera>993.0</Altuera>
        <Izena>Soila</Izena>
        <Probintzia>Araba</Probintzia>
    </Mendia>
    <Mendia>
        <Altuera>1263.0</Altuera>
        <Izena>Toloño</Izena>
        <Probintzia>Araba</Probintzia>
    </Mendia>
    <Mendia>
        <Altuera>1945.0</Altuera>
        <Izena>Txamantxoia</Izena>
        <Probintzia>Nafarroa</Probintzia>
    </Mendia>
</mendiak>
